psbl_qty,qty,evlu_rate,stck_clpr,stck_hgpr,stck_lwpr,acml_vol,prdy_vrss,5,20,60,rsi,bb_upper,bb_lower
0.0044966782,0.0,0.0,0.2517818,0.25459725,0.24735752,0.6806072,0.0028154515,0.25556254,0.2713492,0.24457557,0.00014007221,0.2970933,0.24560505
0.004861693,0.0,0.0,0.2740703,0.2771252,0.27057895,0.6068082,0.00087283534,0.27337202,0.2940364,0.2662075,0.00015869734,0.32286888,0.26520392
0.0051362235,0.0,0.0,0.28301638,0.2862066,0.28028193,0.56723595,-0.0031902008,0.283381,0.3044363,0.2786033,0.00018129003,0.33331043,0.2755622
0.0048919376,0.0,0.0,0.28284293,0.28506655,0.27706155,0.58902043,0.006670824,0.2783957,0.2953396,0.27258468,0.000199437,0.32251772,0.26816148
0.004914839,0.0,0.0,0.2858402,0.2925606,0.28315207,0.57629955,0.0008960508,0.2821664,0.2963688,0.27526683,0.0001609672,0.32365718,0.26908043
0.0045959763,0.0,0.0,0.26239,0.27193898,0.2619748,0.6547917,-0.002491044,0.2619748,0.2735789,0.25558805,0.00012195737,0.29905516,0.24810268
0.005446133,0.0,0.0,0.30987465,0.31331226,0.3054549,0.45955247,-0.00049108505,0.3101693,0.32222545,0.3029831,0.00010230939,0.35222957,0.29222137
0.0048164865,0.0,0.0,0.26539823,0.2700993,0.26539823,0.63900286,-0.0042737233,0.26992837,0.27911687,0.2642657,9.290703e-05,0.3054936,0.25274014
0.005247544,0.0,0.0,0.29283172,0.29470584,0.29142612,0.5384308,0.0018741229,0.29489323,0.30522436,0.29042658,0.0001162777,0.33467624,0.27577245
0.005064834,0.0,0.0,0.2746424,0.27865505,0.27330485,0.60391456,-0.0040126326,0.27865505,0.28955603,0.27682707,0.00012127068,0.31839034,0.2607217
0.0045973104,0.0,0.0,0.25013584,0.25702775,0.25013584,0.6887979,0.00040540655,0.25216287,0.2619129,0.25221017,0.000112612935,0.28785318,0.23597261
0.005049971,0.0,0.0,0.2694788,0.27212507,0.26462728,0.62587,-0.002646273,0.2725661,0.2830189,0.27480075,0.00014986983,0.3099351,0.25610268
0.004209613,0.0,0.0,0.22981808,0.23428057,0.22758684,0.75164646,0.0026031174,0.22959496,0.23682791,0.23192537,0.00019282351,0.25603658,0.21761923
0.005097148,0.0,0.0,0.27291816,0.27514789,0.26979655,0.6204072,-0.0026756683,0.2741668,0.28206003,0.27832896,0.00020416745,0.30171904,0.26240098
0.004945029,0.0,0.0,0.2468338,0.2568575,0.24641615,0.68770987,-0.008770744,0.2546857,0.26201555,0.26079044,0.00013347721,0.27778336,0.24624772
0.0054396875,0.0,0.0,0.27897027,0.28036746,0.27710736,0.5905274,0.0037258132,0.2823235,0.29045042,0.29110244,0.00016729986,0.30599838,0.27490246
0.0047490196,0.0,0.0,0.22437851,0.22789052,0.22047627,0.74805844,-0.009365364,0.23374386,0.24145079,0.24407178,0.00012031891,0.25382,0.22908157
0.005944138,0.0,0.0,0.27989623,0.28672296,0.27502,0.5632156,-0.00048762411,0.28779575,0.30001074,0.30517954,0.000101205,0.31710365,0.2829178
0.005682564,0.0,0.0,0.26487705,0.26812425,0.2634854,0.6228461,-0.0013916483,0.26997977,0.28438333,0.290437,8.670706e-05,0.3029444,0.2658223
0.005657554,0.0,0.0,0.2553852,0.25811172,0.2512954,0.6510686,-0.0040897983,0.261838,0.27728832,0.2845742,8.262219e-05,0.2980263,0.25655034
0.0052893157,0.0,0.0,0.22948134,0.2323967,0.22656597,0.7251985,-0.0045812973,0.23597845,0.25257525,0.26084238,6.941359e-05,0.27412546,0.23102503
0.006326017,0.0,0.0,0.26851085,0.2749157,0.2670328,0.5862602,-0.0029560828,0.27619666,0.29674146,0.3085904,8.4944906e-05,0.32491845,0.26856443
0.0036878965,0.0,0.0,0.17796245,0.17826875,0.16356617,0.86085427,0.011026933,0.17214267,0.1838741,0.19212899,0.00010762022,0.20140485,0.16634336
0.004027465,0.0,0.0,0.2030827,0.20513403,0.19932191,0.81672746,0.0044445707,0.1937149,0.20451863,0.21483801,0.00014620298,0.22327915,0.18575813
0.0057052905,0.0,0.0,0.2857472,0.28960866,0.28188577,0.58049643,-0.0009653622,0.2763832,0.28762966,0.30360642,0.00020190583,0.312621,0.26263833
0.006249213,0.0,0.0,0.31832597,0.3204588,0.31512672,0.4305292,0.0026660466,0.3102212,0.31680632,0.3355042,0.00024204896,0.34297222,0.2906404
0.0044261143,0.0,0.0,0.23838897,0.239942,0.23528293,0.7463865,0.006600346,0.23124507,0.23035207,0.24445224,0.00018933455,0.2486143,0.21208987
0.00596274,0.0,0.0,0.32034704,0.32296,0.31616634,0.44333836,-0.00052258896,0.31459856,0.309843,0.32921365,0.00026295878,0.33399522,0.2856908
0.006036529,0.0,0.0,0.31485868,0.31955028,0.31068838,0.45664412,-0.0046916027,0.31485868,0.30852503,0.32845563,0.00028401273,0.33154517,0.28550488
0.0061861034,0.0,0.0,0.31617862,0.3214659,0.3156499,0.43563917,-0.0031723608,0.31998545,0.3124511,0.33306262,0.0002625147,0.33511734,0.28978488
0.0057098605,0.0,0.0,0.28889176,0.29520366,0.2835509,0.56774753,-0.001456597,0.29364997,0.28639126,0.30582872,0.0002825639,0.30641326,0.26636925
0.005717836,0.0,0.0,0.27591884,0.284942,0.27544394,0.6014033,-0.0066486467,0.28408718,0.27940938,0.29899913,0.00024976398,0.29851034,0.26030838
0.0056135776,0.0,0.0,0.2643309,0.27123848,0.26156783,0.6412557,-0.0032235472,0.2718832,0.26992604,0.2894285,0.00023522288,0.2875443,0.25230774
0.0068019265,0.0,0.0,0.32465017,0.32465017,0.31791002,0.362541,0.002246714,0.32869425,0.328273,0.35281834,0.0003143723,0.34877074,0.30777526
0.006478788,0.0,0.0,0.3168972,0.31906405,0.30877164,0.4312944,0.0037919325,0.31559715,0.31643677,0.33998287,0.00034169064,0.33613956,0.29673398
0.00563903,0.0,0.0,0.28627443,0.28819576,0.27954987,0.592444,0.0052835885,0.27993414,0.28051051,0.30127662,0.0003308914,0.29787418,0.26314688
0.004965735,0.0,0.0,0.26053986,0.26311946,0.25280106,0.6868278,0.0042993375,0.25271505,0.25174773,0.26962578,0.00026427122,0.26770625,0.23578918
0.005825366,0.0,0.0,0.3087596,0.31180158,0.3072386,0.50425667,0.0015209833,0.30156028,0.29775783,0.31792775,0.00029190586,0.31705588,0.2784598
0.0059910556,0.0,0.0,0.31754157,0.32014865,0.31389168,0.45735374,0.0,0.31337026,0.30721757,0.3267793,0.00030639835,0.32724586,0.28718928
0.0061474824,0.0,0.0,0.32915655,0.33077008,0.32592952,0.38932982,0.0016135125,0.32614467,0.31823844,0.33673108,0.0003113796,0.3384087,0.29806817
0.005836473,0.0,0.0,0.304424,0.3094641,0.3013999,0.5076673,-0.0040321057,0.30644003,0.29956025,0.31508386,0.00022270351,0.31610316,0.28301734
0.006265953,0.0,0.0,0.3332373,0.3332373,0.32777438,0.3511556,0.0032777437,0.33258173,0.32646328,0.3411858,0.00026414052,0.33981067,0.31311586
0.0050376533,0.0,0.0,0.25661084,0.261339,0.25532132,0.6800445,-0.0055878405,0.26065126,0.2572126,0.26745698,0.00019908095,0.2671951,0.24723007
0.003874274,0.0,0.0,0.21275906,0.21310222,0.20520955,0.8068167,0.007892675,0.20884705,0.20579292,0.21298784,0.0002052831,0.21435158,0.19723426
0.0056315367,0.0,0.0,0.30537206,0.307355,0.30140617,0.5189491,-0.0019829355,0.3021002,0.2978865,0.30707407,0.0002939307,0.31059855,0.2851744
0.006225843,0.0,0.0,0.33110413,0.33381808,0.32947573,0.35727763,-0.003256762,0.3314298,0.32651752,0.33556408,0.00034635403,0.34056097,0.31247404
0.006334017,0.0,0.0,0.33571944,0.33571944,0.3318606,0.32482097,-0.00055126345,0.3364912,0.33147472,0.34008363,0.0003730773,0.345521,0.3174284
0.0062536555,0.0,0.0,0.33258325,0.33312848,0.32931194,0.3505373,0.00054521847,0.33421892,0.32775807,0.3357001,0.00036347896,0.3415178,0.31399837
0.0053093457,0.0,0.0,0.27320817,0.278217,0.27184215,0.62757283,-0.00455347,0.27730632,0.27364075,0.27992454,0.00026216946,0.28511867,0.26216286
0.0061548124,0.0,0.0,0.31564492,0.31933358,0.31301016,0.43895194,-0.00052695314,0.31912282,0.31669882,0.32344383,0.0002723578,0.32997134,0.3034263
0.00484709,0.0,0.0,0.23950328,0.24479842,0.23909596,0.72358096,-0.0044805035,0.24487989,0.24465585,0.24935359,0.0001629274,0.2551241,0.2341876
0.0049520493,0.0,0.0,0.24058706,0.24223775,0.23687303,0.7202673,-0.0020633538,0.24595179,0.24791196,0.25183922,0.0001480232,0.25839698,0.23742695
0.0061740926,0.0,0.0,0.30714288,0.30766347,0.3014165,0.48000187,0.0036440683,0.30818406,0.31315562,0.3166088,0.00021033583,0.32506076,0.30125046
0.006458903,0.0,0.0,0.31485805,0.31863204,0.31377977,0.42080456,-0.003234843,0.31744593,0.32448173,0.32686293,0.00019557057,0.3362111,0.31275234
0.005541851,0.0,0.0,0.28325015,0.28419748,0.27661887,0.5984441,0.0066312742,0.27879772,0.28538162,0.2864079,0.00022367392,0.29506335,0.27569988
0.0057805185,0.0,0.0,0.28659305,0.2899991,0.2856199,0.57109386,-0.0043791807,0.28649575,0.29299152,0.29353487,0.0001972604,0.30325943,0.2827236
0.0056496556,0.0,0.0,0.27915946,0.28248277,0.27773517,0.60032576,-0.00047476098,0.280014,0.28545004,0.2857349,0.00021580044,0.29584232,0.27505776
0.0051792557,0.0,0.0,0.2516255,0.25421512,0.24903587,0.6905933,-0.0021580232,0.25395617,0.2589412,0.25932243,0.00011722595,0.26884922,0.24903317
0.006295057,0.0,0.0,0.29642025,0.30365,0.29642025,0.50756544,-0.004647704,0.30282375,0.3089174,0.3099244,0.00013210528,0.32191044,0.29592434
0.0064778095,0.0,0.0,0.30296868,0.308795,0.302439,0.47563434,-0.0010593311,0.3078416,0.3157866,0.31746387,0.00014210539,0.32996184,0.30161133
0.006064669,0.0,0.0,0.2805526,0.28351095,0.27660808,0.5815278,-0.0014791876,0.2845957,0.293101,0.29505685,0.00012913543,0.30738956,0.2788125
0.0064098085,0.0,0.0,0.29253164,0.29460266,0.28994286,0.5267123,-0.0020710204,0.2964666,0.30661458,0.30928966,0.00012497538,0.3225278,0.2907014
0.005508649,0.0,0.0,0.2451217,0.24687885,0.24028955,0.698755,-0.0030750036,0.24933885,0.2592887,0.2619537,0.00010982156,0.2742422,0.2443352
0.006749301,0.0,0.0,0.31222376,0.31277248,0.30289546,0.44374734,0.0060359603,0.31090683,0.32248488,0.3266003,0.00018679955,0.340232,0.30473778
0.006782146,0.0,0.0,0.31613106,0.31723833,0.31391647,0.42256922,0.0011072891,0.3135843,0.32413122,0.328911,0.00022145783,0.34093678,0.30732566
0.0063941404,0.0,0.0,0.30518687,0.30571488,0.30096284,0.49911255,0.003696035,0.30001244,0.3082757,0.31320375,0.00024882995,0.3232259,0.2933255
0.006519443,0.0,0.0,0.31116748,0.31170583,0.3052456,0.47062734,0.0,0.30729133,0.31348237,0.3188659,0.00022879962,0.32744265,0.29952213
0.006693211,0.0,0.0,0.30213532,0.310737,0.29998487,0.4844003,-0.008601717,0.30729634,0.3117585,0.31789616,0.0002030961,0.32468745,0.2988295
0.0064102295,0.0,0.0,0.2781131,0.28215104,0.27710363,0.58318454,-0.0055521675,0.28669372,0.29146355,0.29784012,0.00011603276,0.30423853,0.27868858
0.0075239395,0.0,0.0,0.32754058,0.32991406,0.32576048,0.3060309,0.00059337064,0.3347797,0.34124744,0.3495052,0.00015773144,0.35643542,0.32605946
0.007543493,0.0,0.0,0.3237145,0.329031,0.32312378,0.32984617,-0.0023628797,0.32973984,0.33854157,0.34726456,0.00015128193,0.35474885,0.3223343
0.006999117,0.0,0.0,0.30366245,0.30752024,0.30200914,0.47585726,0.0016533346,0.30465448,0.31496024,0.32342902,0.00016533346,0.33074746,0.29917303
0.007161149,0.0,0.0,0.30730695,0.30898926,0.30338147,0.45670968,-0.0016823373,0.3084285,0.3193076,0.3284483,0.0001818743,0.33560845,0.30300677
0.007374752,0.0,0.0,0.32348475,0.3269882,0.31939742,0.36873758,0.003503445,0.32149947,0.33160108,0.3414302,0.00022457982,0.34853196,0.31467018
0.0077273794,0.0,0.0,0.33525875,0.3370841,0.33221647,0.26333326,-0.0018253652,0.33489367,0.34411177,0.35537833,0.0002340212,0.36014766,0.3280759
0.007130149,0.0,0.0,0.31381702,0.31607875,0.30929354,0.44094402,0.0022617443,0.3120076,0.31882113,0.32983768,0.00024647213,0.3326172,0.30502507
0.0067243124,0.0,0.0,0.30353925,0.30623975,0.3002986,0.5078341,0.0037807378,0.2992184,0.3038363,0.31494448,0.00028390155,0.31557772,0.29209486
0.0071646404,0.0,0.0,0.32920185,0.32920185,0.32281524,0.37433794,0.0029030147,0.32386032,0.3261537,0.3384915,0.00028223754,0.33762482,0.31468257
0.007349445,0.0,0.0,0.3399865,0.3399865,0.33640143,0.2898669,0.0011950317,0.33508688,0.33550516,0.34833184,0.00029045908,0.3470079,0.3240024
0.0067541944,0.0,0.0,0.3113947,0.31742522,0.30755708,0.47486043,-0.0005482301,0.30931142,0.30772153,0.31965467,0.00023258246,0.3180777,0.29736537
0.00699948,0.0,0.0,0.32958993,0.33131254,0.32384795,0.38197407,0.003445191,0.32614475,0.3224412,0.33501613,0.0002711493,0.33358994,0.3112924
0.0064230347,0.0,0.0,0.30785903,0.30998588,0.30360538,0.5097167,0.0026585408,0.30381805,0.2989529,0.31052643,0.00033994456,0.31002408,0.28788176
0.006771892,0.0,0.0,0.32103783,0.32493934,0.32103783,0.42942154,-0.001672072,0.31947723,0.3138758,0.3254595,0.0004101309,0.32588822,0.30186334
0.007011511,0.0,0.0,0.32545286,0.3288787,0.32545286,0.38886482,-0.0034258198,0.3273942,0.32157028,0.33318,0.0003740838,0.33390957,0.30923098
0.004037097,0.0,0.0,0.20564395,0.2059884,0.19703239,0.8261616,0.00930048,0.19951253,0.19444893,0.2010339,0.0002764203,0.20340891,0.18548894
0.004468728,0.0,0.0,0.22230603,0.22682752,0.22155245,0.78568226,-0.0026375293,0.21944243,0.21292396,0.2198569,0.00027483498,0.22337104,0.20247689
0.00630506,0.0,0.0,0.30220443,0.31003356,0.30116054,0.52474487,-0.0057413625,0.30397904,0.29497555,0.30424872,0.00034796135,0.30949745,0.28045362
0.006478007,0.0,0.0,0.30297792,0.30774504,0.30244824,0.51206446,-0.0037077717,0.30806285,0.29961443,0.3083983,0.00031555502,0.31441247,0.28481638
0.006657189,0.0,0.0,0.31908217,0.3218376,0.3163267,0.4414576,0.0038576426,0.32150695,0.3124966,0.3206344,0.0003542733,0.32774293,0.2972503
0.0069313818,0.0,0.0,0.3274893,0.32976747,0.3252111,0.38095263,-0.0022781864,0.32976747,0.32361636,0.33115336,0.0003428903,0.33897766,0.30825508
0.0067946697,0.0,0.0,0.32567167,0.32679662,0.32173437,0.4036641,0.0022498907,0.32443422,0.32046878,0.32689035,0.00033156283,0.33491406,0.30602354
0.006763179,0.0,0.0,0.3241623,0.32528204,0.32192284,0.4100737,0.0,0.3229306,0.31976736,0.32535666,0.00031725728,0.33346415,0.30607054
0.0054840916,0.0,0.0,0.24923672,0.25365582,0.2483529,0.6995863,-0.0066286363,0.2541861,0.2527499,0.25673446,0.0002102286,0.2626213,0.2428785
0.0070632417,0.0,0.0,0.32564297,0.32564297,0.3233497,0.37531498,0.0022932603,0.32850954,0.32830888,0.3329814,0.00028665754,0.34027606,0.3163417
0.0063918894,0.0,0.0,0.28250322,0.2896166,0.28250322,0.575707,-0.0060971915,0.2892101,0.2910901,0.2948585,0.00021322025,0.30121595,0.28096426
0.007447606,0.0,0.0,0.33618912,0.33618912,0.33379632,0.27312675,0.0035892078,0.3384623,0.34291887,0.34680718,0.0002541032,0.35421127,0.3316265
0.006681076,0.0,0.0,0.2930575,0.29834732,0.2930575,0.53073555,-0.004231877,0.29665458,0.30302885,0.30622038,0.0002151802,0.313668,0.2923897
0.0067835273,0.0,0.0,0.29856128,0.30017513,0.2964095,0.5110616,0.0005379483,0.30071306,0.30784088,0.31092513,0.00023326959,0.31937796,0.2963038
0.0070572966,0.0,0.0,0.31403282,0.31628394,0.31178167,0.43526748,0.0016883485,0.31347004,0.32174295,0.32480073,0.00015808507,0.33429235,0.30919352
0.0074767903,0.0,0.0,0.33269927,0.33389175,0.33091056,0.30238667,0.0,0.33234152,0.3405696,0.34357062,0.00018177903,0.3543094,0.32682976
0.0067329407,0.0,0.0,0.29433328,0.29752678,0.29380104,0.529752,-0.0026612412,0.29571712,0.30346134,0.30624676,0.00017508166,0.31640396,0.29051873
0.0072926693,0.0,0.0,0.3256072,0.3256072,0.32269478,0.36950883,0.0034948895,0.32420924,0.3315194,0.33465508,0.00024075905,0.34574565,0.3172931
0.006963753,0.0,0.0,0.31541374,0.315974,0.3114921,0.44464377,0.0022409502,0.31272462,0.31849506,0.3215577,0.00021787017,0.33213773,0.30485237
0.007033982,0.0,0.0,0.31193694,0.31753725,0.3113769,0.4477331,-0.0033601825,0.31249696,0.31801325,0.32085076,0.00021190339,0.33192763,0.3040989
0.0072338735,0.0,0.0,0.3254373,0.3260174,0.323697,0.37958404,0.0023204086,0.32404506,0.32836682,0.33181843,0.0002194981,0.34058744,0.3161462
0.0060711377,0.0,0.0,0.27990308,0.28236702,0.2759608,0.6141606,0.0034495099,0.27674925,0.2784001,0.28152928,0.00021293272,0.2872838,0.26951638
0.0068804095,0.0,0.0,0.31269547,0.31435877,0.30992335,0.46499592,-0.0022176984,0.3119193,0.31280637,0.31632698,0.0002772123,0.32214049,0.30347225
0.0070242235,0.0,0.0,0.3115042,0.31653747,0.3115042,0.4555623,-0.0039147744,0.3139649,0.31511137,0.31858808,0.00023749119,0.32445925,0.30576348
0.006406097,0.0,0.0,0.27699322,0.27850407,0.27346784,0.60728997,-0.003525368,0.28202945,0.28303668,0.2864781,0.0002295933,0.29113862,0.27493477
0.0068830885,0.0,0.0,0.31070647,0.31457648,0.30462503,0.47741544,0.006634302,0.30971134,0.3103471,0.31414342,0.00027642926,0.3186088,0.30208546
0.006824139,0.0,0.0,0.30804548,0.31023797,0.30530486,0.49154082,0.0,0.3064011,0.3072233,0.31121546,0.00030728144,0.31411746,0.30032912
0.0013325422,0.0,0.0,0.0699152,0.07003057,0.06495422,0.982222,0.005076351,0.06546185,0.06482154,0.065550305,8.4676416e-05,0.06739231,0.062250774
0.0026953851,0.0,0.0,0.14189929,0.14306815,0.14049666,0.92278016,0.00023377147,0.13497965,0.13184711,0.1328874,0.00017041285,0.13880078,0.12489344
0.003647432,0.0,0.0,0.19137175,0.19326653,0.18789801,0.8531327,-0.00031579498,0.18587692,0.17870837,0.17962945,0.00022807415,0.18973844,0.16767831
0.0024361387,0.0,0.0,0.12999833,0.13297701,0.1272324,0.935039,0.001063816,0.1273175,0.1209878,0.12106936,0.00016351246,0.1294367,0.112538904
0.0028286728,0.0,0.0,0.15286765,0.15435903,0.14988486,0.9091971,0.0009942611,0.15137625,0.14200534,0.14154965,0.00018994138,0.15303682,0.13097386
0.001435138,0.0,0.0,0.08297707,0.08441221,0.07984586,0.9750041,0.002739809,0.08023726,0.07507076,0.074401036,0.00010394939,0.08182458,0.06831695
0.0034398816,0.0,0.0,0.19572276,0.2006856,0.19324133,0.8475198,-0.0015508934,0.19224875,0.17965549,0.17713271,0.00024915993,0.19708367,0.16222732
0.0045019444,0.0,0.0,0.26182684,0.26346838,0.2573126,0.70818824,0.0028727083,0.25698426,0.23933764,0.23479602,0.00033159263,0.2642824,0.21439286
0.004660347,0.0,0.0,0.2576654,0.26429343,0.25725114,0.7036129,-0.0066280486,0.2603166,0.24291798,0.23735319,0.00029059543,0.2685474,0.2172886
0.0039600073,0.0,0.0,0.22455488,0.22954498,0.22277269,0.7879987,0.0028514904,0.22505389,0.21038653,0.2045885,0.0002634529,0.23271877,0.1880543
0.0031905803,0.0,0.0,0.18555973,0.18904988,0.18206958,0.862908,0.002326768,0.18375649,0.17282067,0.1672946,0.00023016587,0.19149797,0.15414338
0.002946189,0.0,0.0,0.17573759,0.17873003,0.17274515,0.8790606,0.002176317,0.17269075,0.1627749,0.15687618,0.00022929053,0.18081364,0.14473617
0.0029882982,0.0,0.0,0.17990775,0.18267983,0.17602684,0.87287694,0.00083162286,0.17658126,0.16714233,0.160226,0.00023065368,0.18570364,0.14858103
0.0039016118,0.0,0.0,0.22691233,0.23402558,0.22584535,0.77949727,-0.0039122817,0.2276948,0.2158157,0.20596978,0.00027300816,0.23918632,0.19244504
0.0032951767,0.0,0.0,0.20209183,0.20209183,0.19592108,0.83707356,0.0052451314,0.19906816,0.18856247,0.17907496,0.00022000038,0.20904179,0.16808316
0.0039337575,0.0,0.0,0.24125572,0.24420235,0.23830909,0.7529499,0.0,0.23889841,0.22678037,0.21425103,0.0002617077,0.25082874,0.202732
0.003944766,0.0,0.0,0.25082543,0.25082543,0.24405652,0.7357571,0.0045126015,0.24548551,0.23360233,0.21940017,0.0002797813,0.25732344,0.20988123
0.0045429496,0.0,0.0,0.29055768,0.29142633,0.28708315,0.61512667,0.00086863287,0.28525904,0.27238154,0.25424883,0.00032039738,0.29725733,0.24750575
0.0041837236,0.0,0.0,0.2580945,0.26280856,0.2561303,0.7017774,-0.004714055,0.25950873,0.24823427,0.23065478,0.0002598774,0.26795286,0.22851568
0.0044844463,0.0,0.0,0.2775885,0.27927595,0.27336982,0.64315313,0.000421867,0.27893847,0.26860273,0.24847263,0.0002531202,0.28540576,0.2517997
0.004001077,0.0,0.0,0.24394988,0.2458178,0.23871972,0.73622805,-0.0018679163,0.24686383,0.23873839,0.2206694,0.00022414996,0.25286058,0.2246162
0.0045703575,0.0,0.0,0.28290644,0.2841963,0.2798968,0.6220072,0.002149745,0.28333637,0.27585527,0.25475195,0.00025478457,0.29117352,0.260537
0.0046622255,0.0,0.0,0.2755341,0.2823903,0.2665353,0.63364697,-0.0064277,0.28016204,0.2757269,0.25453693,0.00025630704,0.28929523,0.2621586
0.004861343,0.0,0.0,0.2740506,0.28059638,0.27143228,0.62249196,-0.0065457947,0.28277832,0.2811637,0.2597735,0.0002143652,0.29378757,0.26853982
0.0053614923,0.0,0.0,0.31181696,0.31279445,0.30448583,0.47874656,0.0048874132,0.3147494,0.3154581,0.29161566,0.00024437066,0.32808796,0.3028282
0.0045402846,0.0,0.0,0.25336412,0.25944483,0.25336412,0.68795854,-0.0052699735,0.25879624,0.26143122,0.24230392,0.00016751347,0.27240175,0.25046068
0.0046814745,0.0,0.0,0.24813037,0.25831634,0.24527828,0.6926056,-0.0065190243,0.25611618,0.26230925,0.24381831,0.00014290772,0.27484512,0.24977337
0.0051782103,0.0,0.0,0.2899427,0.29364806,0.2788267,0.56945026,0.007873843,0.28957218,0.2979092,0.27760702,0.00021173361,0.3125693,0.28324908
0.0043856534,0.0,0.0,0.2649326,0.2657478,0.25596565,0.67850053,0.009782127,0.25661778,0.2627316,0.24485207,0.00019686253,0.27504972,0.25041354
0.005644386,0.0,0.0,0.33050385,0.3372172,0.3289546,0.36460257,-0.0051641227,0.32533973,0.33313754,0.31079412,0.00023353676,0.34840414,0.31787094
0.005355627,0.0,0.0,0.31945843,0.32094198,0.31451327,0.45012483,0.0029671062,0.31362313,0.31921118,0.29816943,0.00021287185,0.3337419,0.30468044
0.0024564413,0.0,0.0,0.164243,0.16616397,0.15295729,0.8966107,0.009124611,0.15588677,0.15545455,0.14521338,0.00012969121,0.16358103,0.14732808
0.0037665842,0.0,0.0,0.25270423,0.25565553,0.25085968,0.72513574,0.00036891128,0.24385037,0.23949721,0.22380619,0.00021380086,0.2533726,0.22562182
0.0035080642,0.0,0.0,0.23593451,0.24143735,0.23387094,0.7640151,0.00034392785,0.22981259,0.22410339,0.20915972,0.00019932182,0.23802018,0.21018659
0.0046312525,0.0,0.0,0.3060497,0.3146011,0.30424944,0.53583455,-0.0027004387,0.30433944,0.29383022,0.27438706,0.00025936417,0.31287268,0.27478778
0.0044294074,0.0,0.0,0.2961598,0.29745877,0.2866342,0.5851235,0.0017319287,0.2960732,0.28330025,0.2647253,0.00024847273,0.30254158,0.26405886
0.004764696,0.0,0.0,0.3112014,0.3199482,0.3088996,0.50359386,-0.003682857,0.31405562,0.3014188,0.28226027,0.00027512465,0.32219082,0.28064683
0.0049562594,0.0,0.0,0.33252084,0.33446258,0.32378307,0.41120934,0.004368887,0.33116162,0.31822488,0.29849207,0.00032759208,0.34086803,0.29558173
0.0031312914,0.0,0.0,0.22123596,0.22312418,0.2146272,0.8011291,0.0056646476,0.21576013,0.20702714,0.19418202,0.00021716324,0.22308779,0.19096647
0.0035780293,0.0,0.0,0.2498544,0.2555735,0.24806717,0.73031116,-0.0014297819,0.24642292,0.23587827,0.22127067,0.00026036153,0.2552146,0.21654196
0.004432681,0.0,0.0,0.31028768,0.3142771,0.30807135,0.52933747,0.00044326813,0.3070075,0.2935543,0.27529168,0.00035883609,0.31869334,0.2684153
0.004502306,0.0,0.0,0.31701294,0.32062563,0.31114233,0.49980116,0.0009031708,0.3151163,0.30005592,0.28149575,0.00035579456,0.32680786,0.27330393
0.0046128496,0.0,0.0,0.3213342,0.32731897,0.3181117,0.4657597,-0.0018414569,0.3224391,0.307155,0.2879655,0.0003288316,0.33482376,0.27948624
0.0048508486,0.0,0.0,0.33397707,0.3387894,0.33349583,0.37974733,-0.0019249398,0.33619073,0.32266805,0.30212733,0.0003631962,0.35074922,0.29458684
0.004821607,0.0,0.0,0.32729924,0.3310995,0.32302392,0.41436842,-0.0023751757,0.3309095,0.3197224,0.29924047,0.0003347867,0.34674597,0.29269883
0.0049398337,0.0,0.0,0.33614254,0.33906552,0.33321956,0.3530617,0.0004871631,0.3383835,0.3294684,0.3079845,0.00026507405,0.35519892,0.3037379
0.004508876,0.0,0.0,0.2954994,0.29986423,0.29200754,0.55267555,-0.005674287,0.3009991,0.29667792,0.27683246,0.00019641763,0.31538898,0.27796686
0.0046204985,0.0,0.0,0.30893657,0.31164655,0.29945168,0.5032369,0.0031616315,0.31020123,0.30830425,0.28740737,0.00022057894,0.32415083,0.29245767
0.0048656026,0.0,0.0,0.317792,0.32860446,0.31450126,0.43397412,-0.0037608522,0.32117677,0.32150584,0.30006897,0.00022436901,0.3365225,0.3064892
0.0051020887,0.0,0.0,0.33716425,0.34162673,0.3307185,0.3129529,0.0019833192,0.33785844,0.34008965,0.31753767,0.00023664604,0.35245523,0.3277241
0.0045469925,0.0,0.0,0.30328083,0.3072772,0.2988404,0.52134997,0.0013321267,0.3019487,0.30539003,0.2852897,0.0002407458,0.31297198,0.29780808
0.004788063,0.0,0.0,0.3026675,0.30767402,0.2972058,0.5009352,-0.008192503,0.30840224,0.31258953,0.293193,0.00017809791,0.3215621,0.3036169
0.0051025595,0.0,0.0,0.324443,0.32638872,0.3195788,0.3815732,0.0009728426,0.32794526,0.33363637,0.31423628,0.00012800562,0.34410474,0.32316804
0.004809037,0.0,0.0,0.3047401,0.30748552,0.30062202,0.49484578,-0.00045756774,0.30757704,0.31338814,0.29639715,0.00012536102,0.3240049,0.3027714
0.004848086,0.0,0.0,0.2990791,0.3086387,0.29589257,0.50701874,-0.004096974,0.3039044,0.31125623,0.29555115,0.000106779844,0.3231613,0.29935113
0.00510168,0.0,0.0,0.28929418,0.30582526,0.288835,0.5148197,-0.012398322,0.3016925,0.31273618,0.29863885,7.364481e-05,0.3288578,0.2966146
0.0054498897,0.0,0.0,0.32699338,0.3285072,0.32093793,0.3338461,0.009083149,0.32981923,0.34296456,0.32894456,0.00014718066,0.36210096,0.3238282
0.0054960465,0.0,0.0,0.32072818,0.32474357,0.3182186,0.35973254,-0.0045172987,0.3252455,0.3399769,0.32793078,0.00014053818,0.36092404,0.31902978
0.005497285,0.0,0.0,0.31491235,0.32237473,0.31043494,0.39310315,-0.0029849513,0.3190913,0.33523488,0.325625,0.00013819219,0.35722893,0.31324086
0.0048719603,0.0,0.0,0.28073457,0.2931134,0.27896616,0.5740425,0.00088420336,0.28161877,0.2964955,0.28990817,0.00012532016,0.31670156,0.2762894
0.0056428537,0.0,0.0,0.33462226,0.33618107,0.32994586,0.27731562,0.004676398,0.33243996,0.34701473,0.34105664,0.00019009747,0.37041003,0.3236194
0.005449388,0.0,0.0,0.3280754,0.33161396,0.32453683,0.34910965,0.0025275454,0.32352582,0.33626464,0.3321616,0.00017964373,0.35793114,0.31459817
0.005410983,0.0,0.0,0.31576422,0.32169405,0.3127993,0.41371042,-0.004941537,0.31625837,0.32725328,0.32497194,0.00017275293,0.34777316,0.3067334
0.0056103435,0.0,0.0,0.3326944,0.33476084,0.32959476,0.30588254,0.002583031,0.33176452,0.34083095,0.3400216,0.00018331189,0.3612637,0.3203982
0.0058620228,0.0,0.0,0.33778444,0.34416777,0.33618858,0.21827258,-0.004787496,0.34161443,0.3495138,0.35029396,0.00016776695,0.3700236,0.329004
0.005473209,0.0,0.0,0.30363396,0.31094456,0.3026592,0.46327817,-0.0058484874,0.31094456,0.31859633,0.32083827,0.00016114784,0.33719617,0.29999653
0.0057654185,0.0,0.0,0.32092965,0.32607275,0.31990102,0.36136472,0.0005143103,0.32555842,0.33484173,0.33851048,0.00016725539,0.35473558,0.3149479
0.005945437,0.0,0.0,0.33290195,0.33290195,0.32652044,0.28228596,0.0010635845,0.33524182,0.34468114,0.34991044,0.00018012318,0.36437118,0.3249911
0.006024741,0.0,0.0,0.33423096,0.33744988,0.3326215,0.25638682,-0.0016094589,0.33594772,0.3463019,0.353008,0.00019095275,0.36575055,0.32685325
0.0056939754,0.0,0.0,0.3250761,0.3286766,0.32044685,0.36961976,0.0046292483,0.3217842,0.3307855,0.33846664,0.00026232406,0.3477638,0.31380725
0.0052690026,0.0,0.0,0.28307614,0.2927737,0.281229,0.5636586,-0.008773975,0.28797108,0.2953597,0.3036796,0.00015088127,0.30923918,0.28148022
0.0053060274,0.0,0.0,0.26306817,0.27557397,0.26128164,0.6182013,-0.010719247,0.2753953,0.2839707,0.2932905,0.00012706003,0.29962614,0.2683153
0.0063422057,0.0,0.0,0.31444103,0.31924573,0.31444103,0.36027253,0.0,0.3252249,0.33734342,0.35003138,0.00016015672,0.3573979,0.31728894
0.0061946195,0.0,0.0,0.3187626,0.32195023,0.31398115,0.36941397,0.0058439807,0.32120645,0.33395693,0.3480002,0.00018750741,0.35339418,0.31451967
0.0064790505,0.0,0.0,0.32559973,0.33109045,0.32559973,0.29559845,-0.0038435045,0.32768622,0.34338966,0.35909313,0.00015486647,0.3638588,0.32292056
0.0062135365,0.0,0.0,0.31437534,0.3233575,0.31173354,0.3943482,0.0010567239,0.3134243,0.32951292,0.34502035,0.00013904262,0.3503689,0.30865696
0.0057975445,0.0,0.0,0.28841075,0.29525438,0.28352243,0.5353246,-0.0024441588,0.29007277,0.30344233,0.31857982,0.00013454085,0.32319227,0.28369236
0.006206184,0.0,0.0,0.31935766,0.3230835,0.31616408,0.3831813,0.0053226277,0.3170157,0.3293642,0.34627244,0.000163414,0.3508971,0.30783132
0.0056068744,0.0,0.0,0.30713764,0.30961856,0.2991987,0.49471983,0.009427488,0.29741243,0.30669108,0.32248625,0.00021607993,0.3265034,0.28687873
0.0060217194,0.0,0.0,0.31487817,0.32268506,0.31331676,0.42005786,-0.007286437,0.3132127,0.3209155,0.3378044,0.00022305419,0.34148887,0.3003421
0.006454356,0.0,0.0,0.32435873,0.33037552,0.32217082,0.32951128,-0.006563752,0.32895336,0.33587265,0.35446995,0.00021160513,0.35704145,0.31470385
0.0065282052,0.0,0.0,0.33820823,0.34045544,0.3297811,0.2419537,0.005056269,0.33921948,0.34365776,0.3635551,0.00023408653,0.36360344,0.32371205
0.006619049,0.0,0.0,0.33945292,0.3439865,0.33888623,0.20371708,-0.001700098,0.34205973,0.3455166,0.36630502,0.00023612475,0.36454657,0.32648665
0.0064586173,0.0,0.0,0.31698072,0.32293084,0.31643978,0.38074467,-0.0070319953,0.32293084,0.3282319,0.34926477,0.00018639905,0.3450879,0.31137592
0.0064059184,0.0,0.0,0.2973431,0.30621123,0.29682145,0.47316158,-0.008346473,0.3077762,0.3148446,0.33623245,0.0001834785,0.33167225,0.298017
0.005180976,0.0,0.0,0.24916801,0.24916801,0.2422944,0.690118,0.004296,0.25234705,0.25836143,0.2765765,0.00020004275,0.2723308,0.24439211
0.00694455,0.0,0.0,0.32234475,0.32517233,0.32008266,0.32088006,-0.005655171,0.32856545,0.3385751,0.3637123,0.00024465634,0.35752827,0.31962192
0.006579588,0.0,0.0,0.31857908,0.31857908,0.3098209,0.3960726,0.0065686405,0.31617057,0.32651618,0.35165036,0.00023899983,0.34391755,0.30911478
0.006376697,0.0,0.0,0.29823965,0.30188942,0.29511124,0.49290878,-0.0052139796,0.29969954,0.30968434,0.33427694,0.00022294259,0.32587448,0.2934942
0.006887388,0.0,0.0,0.32761937,0.32818717,0.32137358,0.3224978,0.0028389893,0.32716513,0.3356821,0.3634285,0.00024937067,0.35072434,0.32063985
0.0072536827,0.0,0.0,0.3332932,0.33858356,0.3332932,0.22014397,-0.005878187,0.3371728,0.34616643,0.37546918,0.0002497269,0.36174926,0.33058357
0.0072303964,0.0,0.0,0.31476173,0.32445547,0.31362128,0.35069132,-0.0085533075,0.3250257,0.33474797,0.36297387,0.00019849448,0.35242838,0.31706753
0.0027740041,0.004386669,-4.786887e-10,0.29611394,0.3038195,0.29336193,0.45310384,-0.007705567,0.30888316,0.32170743,0.34900713,0.00012950532,0.3424173,0.30099756
0.005418635,0.0016693502,-8.3680206e-08,0.28362745,0.29227135,0.2820067,0.50279856,-0.007023156,0.29810596,0.31374598,0.3411183,0.00012795223,0.33802417,0.28946778
0.005581528,0.0017316185,-7.69066e-08,0.29644862,0.29700902,0.29140505,0.45453027,0.0022415775,0.30384582,0.32365575,0.352432,0.0001556651,0.35158673,0.29572478
0.007013082,0.00034979396,-5.2653e-08,0.30965367,0.3102271,0.2964647,0.4103542,0.00630776,0.30781868,0.32960913,0.3592556,0.0001649601,0.3592675,0.29995075
0.007408571,0.00037103682,-5.479049e-08,0.32967535,0.33210835,0.32298452,0.24676989,0.0012165142,0.3252959,0.34816635,0.3797146,0.00018457456,0.3804725,0.31586018
0.007352585,0.00036672744,-5.5201927e-08,0.32464397,0.32644755,0.31863204,0.29926765,-0.001202385,0.32175824,0.34231904,0.37385157,0.0001974065,0.374372,0.31026605
0.0073058824,0.0003677053,-5.272265e-08,0.32852358,0.3291264,0.32370123,0.2886788,0.0030139778,0.32502738,0.34100145,0.37326106,0.00024013808,0.37062344,0.31137946
0.0071125906,0.00035621348,-5.260155e-08,0.31650445,0.3264317,0.31592047,0.37205622,-0.0017518696,0.31638765,0.32850474,0.3600676,0.0001963302,0.3557611,0.30124837
0.006279538,0.00031371973,-4.677473e-08,0.2782334,0.28183347,0.27617624,0.5827164,-0.00051429466,0.2787477,0.2879793,0.3157512,0.00018745319,0.31131598,0.26464263
0.00767638,4.2013027e-05,-5.604221e-08,0.3235003,0.32830182,0.32229996,0.3273535,-0.0012003722,0.32494077,0.33418363,0.36685374,0.00016706211,0.35931587,0.30905136
0.007623896,4.212097e-05,-5.5885334e-08,0.32734013,0.33215395,0.3249332,0.3191145,0.0030086408,0.32625702,0.3333875,0.3662519,0.00020929675,0.3559004,0.31087458
0.007749357,4.2247273e-05,-5.6475375e-08,0.32409692,0.32711458,0.32228634,0.33225065,-0.0042247274,0.32626966,0.3329085,0.36577085,0.00017335506,0.35407314,0.31174386
0.008000269,4.3311586e-05,-5.8145623e-08,0.32978678,0.33288047,0.3285493,0.27171212,-0.0024749476,0.33337545,0.34015062,0.3733768,0.00018983973,0.36174047,0.31856078
0.007246962,4.0778723e-05,-5.352191e-08,0.32273448,0.32273448,0.31166595,0.40654057,0.012233618,0.3153943,0.3195013,0.35022128,0.00029747398,0.33821017,0.30079246
0.0075051305,5.8817636e-06,-5.47304e-08,0.31937978,0.32408518,0.3187916,0.39259598,-0.00646994,0.31890923,0.3217913,0.35228825,0.0003102469,0.3397972,0.30378538
0.007904599,6.1181113e-06,-5.6990814e-08,0.32793075,0.33160162,0.3248717,0.31700382,-0.0042826775,0.33074507,0.3333147,0.36493513,0.00034549335,0.34946743,0.31716195
0.007865473,6.0972657e-06,-5.6787933e-08,0.3274232,0.33108154,0.31949672,0.33441064,0.0006097266,0.3296182,0.33111203,0.36227924,0.00033460604,0.34539825,0.3168258
0.0074044135,5.890544e-06,-5.474478e-08,0.32456896,0.32456896,0.31867844,0.39688718,0.008246762,0.3205634,0.31912023,0.34873003,0.0003326425,0.32972893,0.3085115
0.005807329,4.6871096e-06,-4.350689e-08,0.26200944,0.26763397,0.25966588,0.6761859,0.003749688,0.25554124,0.25373667,0.27651605,0.0002781362,0.2612318,0.24624155
0.007414967,5.9943145e-06,-5.5632118e-08,0.33568162,0.3392782,0.33568162,0.3323008,0.00059943146,0.3288481,0.324742,0.35258558,0.0003663192,0.33515814,0.31432584
0.0071226927,5.7580373e-06,-5.3439276e-08,0.3224501,0.32993555,0.3224501,0.4174232,0.0,0.3186498,0.31257507,0.33766094,0.00033870808,0.32351395,0.30163616
0.0068591437,5.645386e-06,-5.2313126e-08,0.321787,0.321787,0.3150125,0.44753233,0.005645386,0.3161416,0.30773,0.3301516,0.00036817734,0.31935948,0.2961005
0.0072526014,5.863057e-06,-5.4413942e-08,0.3283312,0.33184904,0.32657227,0.3761327,-0.005863057,0.32938656,0.320504,0.3419335,0.0003483004,0.33233678,0.30867124
0.0073616295,5.932014e-06,-5.5070867e-08,0.33100638,0.33456558,0.32981998,0.35027355,-0.0011864027,0.3331419,0.32480744,0.34524322,0.00035239686,0.33697876,0.31263608
0.007512997,6.0296925e-06,-5.599491e-08,0.3352509,0.3388687,0.3316331,0.3126275,-0.0012059385,0.33814517,0.33057788,0.35000357,0.0003384011,0.34303984,0.31811595
0.0073955767,5.944997e-06,-5.5199894e-08,0.33113635,0.33173084,0.32578585,0.3531031,0.00059449975,0.33303875,0.3264398,0.3442748,0.0003618694,0.33870956,0.31417003
0.006308628,5.018797e-06,-4.6643052e-08,0.27653572,0.28757706,0.27653572,0.61152035,-0.003011278,0.27924585,0.2757327,0.28995264,0.00029899215,0.28605434,0.26541105
0.007593537,6.017066e-06,-5.593783e-08,0.33033693,0.33515057,0.3291335,0.33190137,-0.0012034132,0.3334658,0.3307882,0.34676352,0.00028079643,0.34299484,0.31858158
0.0074769976,5.924721e-06,-5.5079337e-08,0.32526717,0.33059943,0.32348976,0.3716755,0.0,0.32728156,0.3259485,0.34050357,0.00032400817,0.33773422,0.3141628
0.0074591204,5.943522e-06,-5.522865e-08,0.3280824,0.33105418,0.32154456,0.36610907,0.0017830567,0.32784468,0.32736918,0.34062326,0.00037642306,0.3387993,0.31593907
0.007041772,5.5013843e-06,-5.1206648e-08,0.2976249,0.3091778,0.2954243,0.51290506,-0.0060515227,0.3016959,0.30293372,0.31438577,0.00029078746,0.3136538,0.29221365
0.0072364244,5.725019e-06,-5.323098e-08,0.31373104,0.31487605,0.30915102,0.4505819,0.004007513,0.31361654,0.31556305,0.32624975,0.00027261997,0.32616037,0.30496573
0.003906092,3.2148905e-06,-2.9790874e-08,0.18324876,0.18807109,0.17842641,0.8598321,0.007072759,0.17746195,0.17779951,0.1828576,0.00018370802,0.18366958,0.17192945
0.0064288713,5.151339e-06,-4.784542e-08,0.2858993,0.296202,0.28486905,0.58210135,-0.007727009,0.28497207,0.28492057,0.29241577,0.00024341492,0.2943344,0.2755067
0.0076002246,5.9376753e-06,-5.5267627e-08,0.32122824,0.329541,0.32063448,0.37616956,-0.008312746,0.3271659,0.32835343,0.33623078,0.00024316195,0.33934698,0.31735992
0.0072642625,5.5579667e-06,-5.1820656e-08,0.29457223,0.3017976,0.29401645,0.5106271,-0.0061137634,0.30502123,0.30718884,0.31383988,0.00017303105,0.31817114,0.29620653
0.007251355,5.518535e-06,-5.1476658e-08,0.2908268,0.29468977,0.28861937,0.5286481,-0.0016555605,0.3005394,0.30473348,0.3107303,0.00018395115,0.31672588,0.29274112
0.007715852,5.926154e-06,-5.5236576e-08,0.31527138,0.3170492,0.30993783,0.41406628,0.0029630768,0.31823444,0.32667923,0.33269426,0.00022077827,0.34057665,0.31278178
0.007896772,5.937422e-06,-5.543491e-08,0.30933967,0.31349587,0.3081522,0.42626533,-0.006531164,0.3148021,0.32617226,0.33241647,0.00020326309,0.3419541,0.31039044
0.008357622,6.1771043e-06,-5.7752125e-08,0.31626773,0.32368025,0.3150323,0.3587724,-0.0055593937,0.32392734,0.3378567,0.34504274,0.00019206123,0.35679322,0.3189202
0.008432501,6.0146226e-06,-5.638769e-08,0.29712236,0.30975306,0.29712236,0.44329575,-0.01082632,0.31107628,0.32698497,0.3350145,0.00016987865,0.349673,0.3042969
0.0083448365,5.8807864e-06,-5.5183367e-08,0.2869824,0.29403934,0.28551218,0.49996096,-0.003528472,0.29956725,0.31729785,0.32646206,0.00016117711,0.34249747,0.2920982
0.008005948,5.344424e-06,-5.034501e-08,0.24717963,0.26241124,0.24664518,0.6363232,-0.013628282,0.26481622,0.285753,0.2955244,0.0001232048,0.31425852,0.2572475
0.008726301,6.149613e-06,-5.7705943e-08,0.3001011,0.3001011,0.28380463,0.45963436,0.015681513,0.3006546,0.32665208,0.3389513,0.00019994643,0.36101696,0.2922872
0.008771279,6.22518e-06,-5.838392e-08,0.3059676,0.31312656,0.30565634,0.42442033,0.002178813,0.30179673,0.32865837,0.3420944,0.000223468,0.36427104,0.29304573
0.008989272,6.4346973e-06,-6.030754e-08,0.31916097,0.32012618,0.3127263,0.36206755,0.0028956137,0.3122115,0.33775726,0.35249272,0.00022502843,0.3745582,0.30095628
0.00910187,6.4506517e-06,-6.0503154e-08,0.316727,0.31995234,0.31124395,0.3680484,-0.0032253258,0.31337267,0.33665952,0.35199058,0.00015919878,0.37387514,0.2994439
0.009387537,6.634302e-06,-6.223989e-08,0.32474905,0.33105165,0.3214319,0.29443032,-0.0009951453,0.3258769,0.3442705,0.36073464,0.00017924253,0.3827044,0.3058366
0.0016647547,1.0563165e-06,-9.985314e-09,0.046425108,0.05091445,0.04536879,0.9891347,-0.0052815825,0.050861638,0.05423657,0.057166085,2.2783297e-05,0.061176967,0.04729617
0.004858017,3.0688673e-06,-2.9018638e-08,0.13426295,0.13610427,0.13226818,0.90773106,-0.0006137735,0.14445159,0.15581407,0.1652406,6.9705835e-05,0.17760594,0.13402219
0.004403299,2.6882167e-06,-2.5474963e-08,0.113711566,0.116668604,0.113039516,0.93242145,-0.0038979142,0.12260956,0.13490143,0.14395624,5.71803e-05,0.15592688,0.11387599
0.008368917,5.0506437e-06,-4.789865e-08,0.21111691,0.2133897,0.20859158,0.743576,-0.002525322,0.22298592,0.250171,0.269052,9.347877e-05,0.2922075,0.20813452
0.009928008,5.962768e-06,-5.6565963e-08,0.24805114,0.25192693,0.24656044,0.62524986,-0.0011925536,0.2544909,0.29075944,0.31611115,0.00011613529,0.3400499,0.241469
0.007454238,4.5204597e-06,-4.285764e-08,0.18985932,0.19257158,0.18805112,0.8084345,0.0018081838,0.19117025,0.2173776,0.23844296,0.00010150733,0.25426242,0.18049279
0.008224869,4.9697096e-06,-4.7127546e-08,0.20798235,0.2122066,0.20798235,0.7659664,-0.00074545643,0.20828053,0.23593697,0.2608849,0.00012382997,0.27619728,0.19567665
0.008498704,5.135169e-06,-4.8696588e-08,0.21490681,0.21516357,0.21182571,0.75299037,0.0,0.21475276,0.24092929,0.26817137,0.00013326562,0.2822054,0.19965318
0.009168472,5.4868174e-06,-5.2062607e-08,0.22742859,0.22907463,0.22386216,0.71694046,-0.002194727,0.22907463,0.25434142,0.28509504,0.00016728102,0.29776496,0.21091789
0.0062094806,3.6080653e-06,-3.42976e-08,0.14522463,0.14793068,0.14432262,0.89210856,-0.0043296786,0.14966255,0.16491565,0.18642573,3.9540442e-05,0.19263917,0.13719212
0.0065543656,3.9916963e-06,-3.783313e-08,0.1684496,0.16884877,0.16146412,0.864841,0.0077838083,0.16573524,0.18047458,0.20528297,8.905777e-05,0.20935524,0.15159392
0.009105361,5.4101965e-06,-5.135876e-08,0.22262958,0.2261462,0.22127703,0.7382916,-0.0056807064,0.22387393,0.24188988,0.27696598,9.668412e-05,0.27916476,0.204615
0.0071655414,4.4122794e-06,-4.1791026e-08,0.18818371,0.18906617,0.18222713,0.833431,0.0066184187,0.18328609,0.19578385,0.22505933,0.000120051416,0.22487229,0.16669543
0.0073639974,4.5654047e-06,-4.3221796e-08,0.19608413,0.19836682,0.19197527,0.8196134,0.0013696214,0.19101653,0.20124303,0.23214321,0.00013249251,0.22997405,0.17251201
0.006851743,4.247826e-06,-4.0215202e-08,0.18244413,0.18626717,0.18138216,0.84529185,0.0,0.18002287,0.18654327,0.21529043,0.00018955352,0.21300593,0.16008061
0.007884894,5.038271e-06,-4.7604967e-08,0.22294348,0.22369923,0.21639372,0.77135926,0.006549752,0.2155876,0.22010945,0.25453344,0.00026402477,0.24942331,0.1907956
0.0076359203,4.9264004e-06,-4.651627e-08,0.22021009,0.22218065,0.21626897,0.7803369,0.0022168802,0.21429841,0.21412599,0.24810174,0.00030921024,0.24014331,0.18810867
0.008515201,5.4445018e-06,-5.143942e-08,0.24119143,0.24255256,0.23683584,0.7266504,-0.0021778008,0.23863252,0.23520248,0.273314,0.00034540388,0.25968578,0.21071917
0.007994744,5.0663775e-06,-4.7895867e-08,0.22241397,0.23052017,0.2214007,0.76920784,-0.002026551,0.22302194,0.21755025,0.25343707,0.0003146487,0.23587878,0.19922172
0.008267305,5.3893773e-06,-5.0853163e-08,0.24333039,0.24467774,0.23928836,0.73092896,0.006736722,0.23961172,0.23039588,0.26878172,0.00035148114,0.24434179,0.21644999
0.009217361,6.0800535e-06,-5.7322485e-08,0.27785844,0.27816245,0.2723864,0.6336875,0.0033440294,0.2720824,0.2604543,0.30237627,0.00041287806,0.27777752,0.24313109
0.007704986,5.1161924e-06,-4.8213316e-08,0.23534484,0.24046104,0.23304255,0.75473046,0.0015348577,0.23027982,0.21974047,0.2537674,0.00035188292,0.235839,0.20364192
0.0069553573,4.693223e-06,-4.4177114e-08,0.2194082,0.22339743,0.21283768,0.79584396,0.0035199176,0.21354167,0.20261818,0.2321894,0.00034375803,0.21921553,0.18602084
0.0086144,5.7276598e-06,-5.397149e-08,0.26375872,0.27320936,0.2611813,0.672496,-0.004009362,0.26307142,0.24849452,0.28263614,0.00043877028,0.26962104,0.227368
0.0091791665,6.160514e-06,-5.8010663e-08,0.28646392,0.28892812,0.28184354,0.6033977,0.0027722314,0.28461576,0.26878324,0.30329752,0.00044893107,0.2923776,0.24518888
0.009505778,6.3882917e-06,-6.015097e-08,0.29737496,0.29769439,0.29226434,0.5608856,0.00031941457,0.29622507,0.2801745,0.31356928,0.00052475254,0.30543476,0.25491425
0.0095010735,6.3088137e-06,-5.9452187e-08,0.29020542,0.29367527,0.2876819,0.576758,-0.0034698476,0.2925397,0.27799788,0.30879542,0.00045728314,0.3028958,0.25309995
0.009073105,6.1346213e-06,-5.7736163e-08,0.287407,0.28771374,0.2821926,0.6010211,0.005214428,0.2845851,0.27185574,0.2995791,0.00045626244,0.29631364,0.24739783
0.007771515,5.254574e-06,-4.9453572e-08,0.24617678,0.24696498,0.24118493,0.7275378,0.0,0.24460042,0.23427518,0.25600284,0.00039080894,0.254793,0.21375735
0.009532561,6.4627525e-06,-6.081515e-08,0.30342624,0.3040725,0.29664034,0.5330026,0.0006462753,0.30142277,0.29030684,0.31398746,0.0004514423,0.31284177,0.26777193
0.009087824,6.1528935e-06,-5.790374e-08,0.2885707,0.28887835,0.2842637,0.59038246,-0.0003076447,0.28740168,0.2778339,0.2980103,0.00041339753,0.2984639,0.2572039
0.008428547,5.5052556e-06,-5.1938706e-08,0.24911281,0.2551686,0.24883755,0.6978021,-0.0090836715,0.2563247,0.2497184,0.2656561,0.00030944575,0.26516023,0.23427656
0.009224347,5.924436e-06,-5.5956892e-08,0.2636374,0.2701543,0.2621563,0.644241,-0.004443327,0.27305725,0.26928043,0.28474814,0.00031843843,0.28439933,0.25416154
0.010192625,6.4962555e-06,-6.139027e-08,0.28680968,0.29298112,0.28680968,0.55012244,-0.0022736895,0.29590446,0.29566082,0.31084043,0.0002790645,0.311013,0.28030866
0.009506542,6.197224e-06,-5.8475855e-08,0.27980468,0.28011453,0.2748469,0.6014468,0.0061972244,0.28005257,0.28273287,0.29541135,0.00028728854,0.295508,0.26995775
0.010958596,7.006775e-06,-6.619971e-08,0.31040013,0.31425384,0.31004977,0.43928975,-0.0059557585,0.31299263,0.3196841,0.33265832,0.00027681084,0.33408213,0.30528608
0.0067503545,4.2428373e-06,-4.0131606e-08,0.18477558,0.18901841,0.18307844,0.8418044,-0.003182128,0.18808499,0.1933355,0.20058367,0.00012833274,0.20272672,0.18394427
0.009967001,6.3242396e-06,-5.9782764e-08,0.27795032,0.2795314,0.27320713,0.5946745,0.0025296959,0.27965787,0.2880691,0.2977452,0.00023107797,0.30235124,0.27378696
0.011502296,7.2569687e-06,-6.862573e-08,0.31712955,0.31858093,0.31495246,0.38993144,-0.0018142422,0.32025003,0.33048236,0.34027928,0.00022916743,0.34709367,0.31387106
0.010925736,6.790389e-06,-6.427656e-08,0.29232624,0.29538193,0.29096818,0.5174208,-0.004413753,0.29680791,0.30852133,0.31706023,0.00019460262,0.32570663,0.29133603
0.010636324,6.6311245e-06,-6.2754786e-08,0.28646457,0.29044324,0.28348058,0.550821,0.0009946687,0.2883876,0.30045626,0.3083307,0.00021253603,0.3184064,0.2825061
0.011982806,7.5601297e-06,-7.1492586e-08,0.33037767,0.3322677,0.3258416,0.3036375,0.0037800649,0.32901686,0.34168008,0.3500781,0.00021817825,0.3626557,0.32070443
0.011344777,7.148568e-06,-6.760574e-08,0.312035,0.31417957,0.30738842,0.43847886,-0.0003574284,0.31067675,0.3219715,0.32977536,0.00020492561,0.34167305,0.30226997
0.011771373,7.4361174e-06,-7.031454e-08,0.32533014,0.32644555,0.3234711,0.35488126,0.0007436117,0.32324803,0.33406758,0.341671,0.00021316869,0.35466373,0.3134714
0.005547074,3.6955857e-06,-3.4818065e-08,0.17055129,0.17073606,0.16131233,0.8818407,0.008869406,0.16293839,0.16595952,0.16913465,0.0001707098,0.17606293,0.15585612
0.008638985,5.7363777e-06,-5.405774e-08,0.2638734,0.2670284,0.26157883,0.6761698,-0.00086045667,0.25612926,0.25744864,0.26162663,0.00031258108,0.2728093,0.24208799
0.010672571,7.077302e-06,-6.669922e-08,0.32520202,0.33051002,0.32201725,0.41521117,-0.0003538651,0.31918633,0.31761163,0.3218226,0.00042093758,0.33653396,0.2986893
0.010196431,6.743671e-06,-6.356941e-08,0.30886012,0.31189477,0.30582547,0.5011559,-0.0010115507,0.30703935,0.30228505,0.30584234,0.00041186178,0.31951708,0.285053
0.009814559,0.00011115756,-6.166069e-08,0.29849076,0.29914463,0.2942406,0.5473725,-0.000980802,0.3001908,0.29270402,0.2957772,0.00035170175,0.3084934,0.27691463
0.004307976,4.1883097e-05,-2.6732272e-08,0.1427017,0.1452446,0.13612007,0.92118585,0.006132882,0.13827406,0.1340334,0.13505304,0.0002147851,0.14171529,0.1263515
0.006071235,4.628107e-05,-3.7609556e-08,0.20069155,0.20553002,0.19942933,0.8344393,0.0,0.19589515,0.18866898,0.18962616,0.00033420243,0.20010366,0.17723432
0.008317137,5.7123198e-06,-5.1215757e-08,0.2719064,0.2750482,0.26876464,0.6646855,-0.00057123194,0.26785067,0.2568259,0.2571115,0.0004400602,0.27378926,0.2398625
0.008452419,5.8012483e-06,-5.2017224e-08,0.27584937,0.2778798,0.26830775,0.6521416,-0.00029006242,0.27405098,0.26170883,0.26093534,0.00046055714,0.28007677,0.24334086
0.009188394,6.250608e-06,-5.608215e-08,0.29471618,0.29877907,0.28940314,0.57604355,-0.0025002433,0.2971539,0.28291816,0.28097525,0.0005159232,0.30324933,0.26258698
0.007876742,5.547001e-06,-4.9638444e-08,0.27069366,0.270971,0.2620958,0.6786367,0.009152552,0.26492476,0.25208345,0.2495827,0.0004764732,0.27204257,0.23212436
0.0066951187,4.623701e-06,-4.1438863e-08,0.22124408,0.22609897,0.21985698,0.7908054,-0.004392516,0.22096667,0.21094479,0.20796636,0.0003474781,0.2280684,0.19382119
0.005143722,3.7085235e-06,-3.3125538e-08,0.18524075,0.18524075,0.17504232,0.86789465,0.007787899,0.17897335,0.17037883,0.16685265,0.0002988422,0.1853018,0.15545589
0.005938856,4.2848887e-06,-3.8270727e-08,0.21424444,0.21810085,0.2101738,0.81427455,0.00021424444,0.20888834,0.19815469,0.19281285,0.00034488132,0.21649726,0.17981212
0.006494429,4.740459e-06,-4.229905e-08,0.23986723,0.24555579,0.23702295,0.7603981,0.0028442754,0.2343683,0.220858,0.21343127,0.00036184568,0.24224086,0.19947511
0.00807172,5.8490723e-06,-5.2224614e-08,0.29362345,0.29713288,0.2895291,0.6000271,-0.002339629,0.2908159,0.2745993,0.2634666,0.00043363814,0.30071494,0.24848372
0.005970399,0.00030548318,-4.0176875e-08,0.22304764,0.23180781,0.22057682,0.78744125,-0.0024708197,0.22497937,0.21235573,0.20278318,0.00031495627,0.2315059,0.19320557
0.0060595553,0.000117049356,-3.6331542e-08,0.22779606,0.22914663,0.21496564,0.78624755,0.004276803,0.22604032,0.2143579,0.2037259,0.0003331405,0.2331174,0.19559838
0.0088604065,0.00011573825,-5.410038e-08,0.31956616,0.3247101,0.31956616,0.46378246,-0.0057869125,0.32245964,0.30810487,0.29176757,0.00044261658,0.33277702,0.28343272
0.008893275,4.405727e-05,-5.4410997e-08,0.3074568,0.31595355,0.30588332,0.50505364,-0.005349811,0.313436,0.30319268,0.28633556,0.00035258997,0.32422173,0.28216365
0.008820461,1.2609666e-05,-5.4132308e-08,0.31208923,0.31965503,0.31051302,0.49358016,0.0040981416,0.313098,0.30477563,0.28766325,0.00037087253,0.3252887,0.28426254
0.009244279,1.3038475e-05,-5.609422e-08,0.31846476,0.32530996,0.3155311,0.44669163,-0.004237504,0.32270226,0.31606892,0.29818994,0.0003638644,0.33612156,0.2960163
0.008559092,1.231524e-05,-5.2806783e-08,0.30695736,0.3097283,0.30079973,0.5262672,0.00615762,0.30387855,0.29973754,0.28247055,0.0003684046,0.3175845,0.28189057
0.008973208,6.2270706e-06,-5.3720672e-08,0.2995221,0.31104216,0.29921073,0.5207263,-0.010897374,0.30531326,0.30383435,0.28630513,0.0003340191,0.32002264,0.28764603
0.009988885,6.946374e-06,-5.991615e-08,0.33481523,0.33585718,0.3250903,0.32333288,0.0006946374,0.3396777,0.33981663,0.3201584,0.00032919773,0.35501698,0.32461625
0.008085795,5.779696e-06,-4.9741466e-08,0.28638393,0.28811783,0.2791593,0.6037586,0.0078025893,0.28268492,0.28327733,0.26728204,0.00033026832,0.2955867,0.270968
0.009768023,6.9031967e-06,-5.9464824e-08,0.33825666,0.34446952,0.33411473,0.3064191,-0.0037967581,0.33784246,0.33879164,0.32002068,0.00031347852,0.35289592,0.32468736
0.010108688,7.1137842e-06,-6.1299176e-08,0.34715268,0.35142094,0.34359577,0.20336887,-0.0014227568,0.3466547,0.34955359,0.33069018,0.000315039,0.3633089,0.33579823
0.009181418,6.516266e-06,-5.611315e-08,0.32060027,0.32190353,0.31310657,0.43892914,0.0026065062,0.31897122,0.3207306,0.3036254,0.000281528,0.33240253,0.30905867
0.00839471,5.866324e-06,-5.0579196e-08,0.2842234,0.28744987,0.2807036,0.5908679,-0.004399743,0.28744987,0.28912178,0.2738791,0.00024511872,0.29830983,0.27993372
0.009761701,6.8599447e-06,-5.912165e-08,0.33407933,0.33750927,0.33270732,0.3246606,0.0017149862,0.3349711,0.33805808,0.32092538,0.00031151442,0.34884894,0.32726723
0.009815122,6.9463e-06,-5.983116e-08,0.34071603,0.34557843,0.34036872,0.27364948,0.002431205,0.3392573,0.34273043,0.325521,0.00029210083,0.35270414,0.33275676
0.0036486064,2.694687e-06,-2.3127614e-08,0.13796799,0.13904585,0.1321744,0.9258649,0.0057935775,0.13290197,0.13312428,0.1265717,0.00015310722,0.13752206,0.12872651
0.0073161456,5.4354723e-06,-4.662758e-08,0.2799268,0.28264454,0.2739478,0.6408911,0.0016306416,0.27057782,0.26893356,0.2559609,0.00034069226,0.27902874,0.2588384
0.0036028358,2.769282e-06,-2.3684759e-08,0.14760272,0.14981815,0.14289495,0.91745204,0.0049847076,0.14054106,0.137391,0.13084164,0.00018382302,0.14420077,0.13058123
0.004156313,3.2194523e-06,-2.7516519e-08,0.17288458,0.17706987,0.17224069,0.88361084,0.0012877809,0.16660665,0.16028848,0.15256985,0.00022975827,0.1700519,0.15052505
0.006204297,4.8058073e-06,-4.1075026e-08,0.25807184,0.26528054,0.25518835,0.71267235,0.0,0.25316992,0.2402423,0.22838797,0.00032967373,0.25695282,0.22353177
0.0064549437,5.0468675e-06,-4.3099313e-08,0.27354023,0.2745496,0.26748398,0.67447853,0.0025234339,0.26889712,0.25320134,0.24053371,0.00042149666,0.27302685,0.23337583
0.0069072065,5.2327323e-06,-4.4813643e-08,0.27471843,0.281521,0.27157882,0.6494763,-0.008895645,0.27984652,0.26325876,0.24989349,0.00036678032,0.2844462,0.2420713
0.006472763,0.0009200143,-4.682554e-08,0.27818185,0.2890696,0.27818185,0.6191751,-0.00762142,0.28874296,0.2744936,0.2604348,0.0003114401,0.29629797,0.25268924
0.0068700174,0.00074588764,-4.848077e-08,0.28657788,0.28882113,0.2815305,0.5954202,0.0,0.29454148,0.283227,0.2687252,0.00033814012,0.30561653,0.26083747
0.0070724897,0.00068681483,-5.346322e-08,0.2877811,0.29288962,0.28295636,0.5846554,-0.0022704622,0.294706,0.2871851,0.27237505,0.0003356573,0.30943528,0.26493493
0.006841775,0.0006774589,-4.3056954e-08,0.2894597,0.2961783,0.28442076,0.59125924,0.005598834,0.28789204,0.2837909,0.2691966,0.0003435648,0.3058085,0.26177326
0.007221638,0.0003404327,-4.814436e-08,0.28574026,0.28964686,0.277648,0.6009642,-0.0027904322,0.285517,0.28374508,0.2687372,0.00035042636,0.30468804,0.26280212
0.007583226,0.0003533818,-5.3004623e-08,0.2931331,0.3012435,0.29023653,0.55782187,-0.0034758865,0.29579794,0.29523313,0.27932128,0.00033923818,0.31582928,0.27463698
0.0058972337,9.030986e-06,-3.1809133e-08,0.23977268,0.24157888,0.2298386,0.75435823,0.011288732,0.23236726,0.23092231,0.21818109,0.00029478502,0.24722105,0.21462357
0.0053614127,8.0381e-06,-2.843828e-08,0.20899059,0.21944012,0.20858869,0.8097461,-0.0044209547,0.20786525,0.20613706,0.1945354,0.00021412972,0.22015809,0.19211604
0.003618333,0.000617055,-2.2833019e-08,0.17122468,0.17607066,0.16670176,0.8807959,0.0032306544,0.16792941,0.1663787,0.15679173,0.00018031559,0.17725742,0.15549998
0.0057949396,0.00047852515,-3.436159e-08,0.25361833,0.25792506,0.24691898,0.7121363,0.0,0.25046006,0.24734965,0.23291813,0.00023279601,0.26291946,0.23177984
0.00525195,0.000920153,-3.3258104e-08,0.25056472,0.2581147,0.24631788,0.7170587,0.00047187333,0.24933787,0.24500842,0.23038428,0.00022282907,0.25890145,0.23111542
0.0013570243,0.0010167905,1.28343824e-08,0.113411255,0.11380233,0.10422103,0.9546627,0.009581296,0.10523782,0.10243676,0.09588628,0.00012454564,0.109517746,0.09535577
0.003910689,0.00075529976,1.4944803e-08,0.22122231,0.22428952,0.21853851,0.80585885,-0.0011502027,0.21071713,0.20251235,0.18886647,0.00023498764,0.21774375,0.18728095
0.0044209785,0.00056438026,1.446461e-08,0.2355674,0.241293,0.23065975,0.7729924,-0.0004089712,0.2285331,0.2173273,0.2024203,0.00027951266,0.23534876,0.19930582
0.0044862838,0.00056282466,6.3843895e-09,0.23083968,0.24062793,0.22880046,0.77399814,-0.0040784394,0.23083968,0.21776828,0.20272224,0.0002870013,0.23646423,0.19907233
0.003514844,0.00043619468,1.2091532e-09,0.17700653,0.18174778,0.17068487,0.8732712,-0.0018964986,0.18073632,0.16919929,0.15775971,0.00021296379,0.18412443,0.15427414
0.002528911,0.0003311098,1.5581286e-08,0.14180137,0.14372085,0.12980464,0.92657954,0.0074379737,0.13772248,0.12908483,0.1203952,0.00017995098,0.14182714,0.11634252
0.002048256,0.00023515752,-1.3457583e-08,0.08826927,0.100027144,0.08826927,0.9656232,-0.012439492,0.09580113,0.09151547,0.08575013,8.557084e-05,0.1006866,0.08234433
0.0034195925,0.00040162023,-1.6098983e-08,0.15424545,0.15453649,0.14726076,0.8997341,0.0034923498,0.16093913,0.1561226,0.14690182,0.00015651988,0.1717955,0.14044969
0.0048151985,0.0005674615,-2.1125427e-08,0.21876052,0.2265734,0.21670449,0.7828666,0.00082240795,0.22459961,0.2207343,0.20821655,0.00022844666,0.242792,0.19867659
0.006850849,0.00079114403,-4.1884935e-08,0.29868555,0.3101514,0.29753897,0.5093993,-0.006306221,0.30866084,0.30803022,0.29108942,0.000273617,0.33832937,0.27773106
0.005457665,0.000402369,-4.415523e-08,0.21659438,0.22258711,0.21359801,0.775288,-0.006420782,0.22318637,0.2298854,0.21766095,0.00020064943,0.2527395,0.20703131
0.0063754,0.00046819344,-5.2716373e-08,0.25103137,0.25401983,0.24380924,0.6826061,-0.0009961562,0.2583033,0.26741815,0.25363383,0.00021906213,0.2941866,0.24064969
0.005581707,0.00047325093,-4.5629857e-08,0.22379903,0.22822194,0.21672238,0.76046556,0.0008845812,0.2272489,0.23722255,0.22556819,0.00019679902,0.2614434,0.2130017
0.0071659633,0.000104689025,-6.0935214e-08,0.26067567,0.26957422,0.2588436,0.6425289,-0.0041875606,0.26538667,0.28038338,0.26730597,0.00022333658,0.30986643,0.2509003
